userName,password,address,firstName,lastName,phone,state/province/region,postalCode,city
hbybid,14jS3zs,5krd68d7ru,Brad,Pitt,2782385649,WEQDM,53467,Kyjisn
ycydmb,ayAu9sg,ejwhq16nbj,Leonardo,DiCaprio,9549390752,NWBSF,40150,Wgrwrp
hwpopv,xx3J1vc,vu1pfi8m6x,Al,Pacino,4522331333,WWUXD,77919,Ztimec
jtbvfy,q7rUqmn,wir2q58qwo,Tom,Hanks,9082407769,GVYMQ,14774,Ktupyt
sfbujq,eYtvmy6,h4yi6r1uar,Tom,Hanks,4727444771,QPKGU,47594,Mjwjdk
juwxcv,7wduC5e,gv9bf606k4,Chris,Hemsworth,6513220276,AAOVY,07372,Mdfjbd
cotsmb,zZ8ptny,u1f6ct46zy,Leonardo,DiCaprio,6520753376,DUJJO,12526,Zeerst
dqqueq,F2vsqop,ld0p4bbxzl,Meryl,Streep,1222262096,QEJZA,98747,Goltlc
qdxxfy,xj1Hgb6,wzhg2d9fx4,Meryl,Streep,1693858468,CCHYY,87638,Niyrxl
fvyxrv,gCsth7m,vznv51swjn,Charlize,Theron,4698693176,DWHMT,21763,Zgprcf
qrvraz,rujZ8f8,urpa83xslt,Dwayne,Johnson,3567788793,PZCFO,69337,Qvxsny
blsemv,codpg0W,ffdkv1rpij,Ryan,Reynolds,1170431584,UNOXE,23269,Sdzqmr
dmqgnn,ccV2hby,0662cxkx8p,Johnny,Depp,5535819133,RXGAK,39808,Nppzdm
rzrcvy,1wMcbr8,n2iaylw2ty,Meryl,Streep,4085738098,PRTIE,39616,Ndatux
hrusyz,bp1ke1X,z6r6oik2qg,Emma,Watson,9444228196,AAZIQ,00781,Rprmak
lpiybc,zns9Nws,s1267wxa0f,Angelina,Jolie,5610258422,YBODG,90370,Vkiqih
vetway,o4jRu4d,0yjka63jaz,Leonardo,DiCaprio,1109986415,IQQSM,57520,Bhlrnj
uqprpl,8ruFc2l,b77sbhgvz7,Scarlett,Johansson,2961562606,TSCXO,60619,Luxnii
jqcrix,xT5atjd,6elcbhhle8,Nicole,Kidman,2014467560,VPYLH,34732,Gschip
uibcxe,idpX5xu,kn47cmlv9k,Chris,Hemsworth,0102157973,VNGJI,88276,Sauswx
aobrun,cnwo8pR,id9h6grags,Johnny,Depp,2574199708,VUHHR,44161,Isilfr
byzkge,4xcuHwe,7rf5icy8qg,Emma,Watson,7806069614,SFOWV,97396,Zuufpp
iqwyrk,hzv0kqV,rsg4pfrhyh,Samuel,L.,4180344092,JTLGP,75548,Cpzdbx
mmbxdq,skc6Y3t,xwrixbai9s,Dwayne,Johnson,7315031506,CMHUV,70013,Vfmgrb
apftjv,kZe7xxv,jpyb8tb75b,Dwayne,Johnson,3509412167,CBSYO,99152,Mvctbe
yvxhun,6Ytwxoz,cffnd4hymx,Meryl,Streep,4737070483,NZRGM,98574,Yljrhv
bnphal,nBk7qho,9x6cvw0015,Johnny,Depp,9887316520,ZGMZY,40088,Cteyfp
lykrtt,ia0aCgs,mhig6o6xqr,Charlize,Theron,0772232180,OCBZT,53729,Fyuoun
yjhamm,ung3Vbm,d97aown3r1,Johnny,Depp,7884857925,BMENU,19252,Ytyihc
ktzudf,pl5Kqwi,3s3fvlhkp3,Ryan,Reynolds,4566504521,XVFMS,18712,Iwhkoy
whjpwm,rdn22Mb,9dpdf8x9y4,Al,Pacino,0941385438,UCZXH,70637,Bmwdxa
mizxht,mpdO1pd,ehwholwxto,Scarlett,Johansson,7933633051,PGHDJ,65736,Wyyscc
bdamdu,uz0b0uU,g5fyn1fkrg,Nicole,Kidman,7791058258,YELRH,33272,Xqrcyk
qefrse,hoEh0rz,azuooidn59,Dwayne,Johnson,5152565141,UANLE,46205,Faglsq
jkopau,6Sbkavu,5jdihid6na,Robert,Downey,1790370604,JQAOI,38951,Zhalsx
wzopfq,3jkswFx,9poch15vxa,Angelina,Jolie,9057944338,YPDYS,11403,Gxnwaz
jybdis,bGua2me,ulvsiv0cg6,Tom,Hanks,0940920908,VZEOQ,24682,Xleimn
voyqho,ffF2gie,4c9gmgn0md,Robert,Downey,9062613342,SOLUU,15575,Yjpeyk
lyeepv,1Znxoqn,jsgxpsishn,Scarlett,Johansson,8334184117,XNVZN,10751,Andjep
awmqms,fdh081X,r3n6dmngsm,Nicole,Kidman,4582203968,GXABD,65293,Fcmzxb
qglauq,mu2Urlr,p39balykrn,Meryl,Streep,8113213578,WIXFU,78681,Anksvu
bjynhs,r4r9Ekp,fviluugkx7,Angelina,Jolie,3160906034,NKZYN,10752,Rorlot
vwzzph,pan9jwQ,ik0aaqvoa8,Ryan,Reynolds,8992654754,JOEDC,74932,Lfioqd
lthuoz,7wsycVq,pfa3gmmftj,Nicole,Kidman,2937055887,NHOUE,63198,Synrix
mefozw,tvehK6a,bpn1uc6xcz,Robert,Downey,2211562268,MSAKY,66562,Ftbahb
sktchz,xjPps3c,epz8m9gh6v,Samuel,L.,5369075757,GXJJP,03904,Itweim
qcymij,uva33Ui,qgz8f0meeh,Julia,Roberts,8355201310,ATVVN,30654,Rhxxlj
anlkzr,w7sh7iK,sulmtk8mqw,Tom,Cruise,5717741030,YHXZT,21077,Qryfeu
szvccl,Zzoto89,fh666gvcvk,Julia,Roberts,2714844556,JZZOX,54144,Hcuxfw
fmrkkw,hH4t3on,yyt5vldsku,Julia,Roberts,3705877367,ZPSCW,49768,Trhycj
hrnvvb,1xJgi6n,tua9dbzgc4,Samuel,L.,3832684636,CZPIP,59690,Yfjfkf
zkjsym,7epJxdy,mo9w8dtlbo,Scarlett,Johansson,3457523826,MXGTJ,36100,Bnfnfn
puksob,crx91Qn,xtviww7620,Leonardo,DiCaprio,1326846674,JONUH,54441,Rdqzru
cxouog,cu2njQ2,s1emqzfjfl,Johnny,Depp,4056962465,ZZYWE,04390,Vyyqvr
ihgrha,fm5Gaxa,0k4ibqk1wp,Charlize,Theron,1501853689,PLTIW,18570,Lzuytu
knibze,tsqiiG4,nxts4kphwz,Al,Pacino,2733327366,UWLTX,37661,Lqgmmt
ieyyjf,0Dusxb7,n0i3uszpih,Tom,Hanks,8127400350,YLBXR,52066,Djsndd
wojiec,lynuOg5,4lrexvau25,Johnny,Depp,2164595318,POJNT,25109,Zhvpmj
cefkbm,sppvQ0g,9hd75kgh37,Samuel,L.,8939156729,MJWMJ,52460,Fmaeos
bnnjuz,jFudlp6,vohiq9o4gs,Chris,Hemsworth,8951204545,HFJNH,36192,Xszkpb
eqsqfd,rlh0nHu,oaeapxz0e5,Angelina,Jolie,0580412176,QLXOL,47637,Vpfkwj
dmoxfd,nnMvc83,ca2zw2ehq0,Meryl,Streep,8987596988,OGOZS,28665,Kebmbr
glaaaz,eiv2A9x,mmdtfj5n87,Brad,Pitt,5450318709,IRGYW,31082,Xetfvo
fyqcuj,xxfXt86,i710tqtg54,Julia,Roberts,3070977315,XMFQA,02418,Hetyeb
ujafxy,8snzmHq,zvqm1pez86,Charlize,Theron,3994572818,KDNTE,81999,Dzipku
golvax,t6koHd2,ti0fsapr12,Will,Smith,8184210100,IAKLT,09635,Dfvgfk
hfcjer,Je80va0,4xx2xuthok,Ryan,Reynolds,7596357597,SXDWI,56257,Glcqer
slqsug,gmz2Nge,2oczd0spse,Nicole,Kidman,4673586144,WUIIW,41992,Ivmknu
iuuazv,3lzwQb4,72wpyx2bah,Nicole,Kidman,3323333342,GCTCN,29370,Pcedmw
zxbsqc,3i5ivuI,fkwz7yui9h,Robert,Downey,4722354988,JAIAN,17865,Oykdcf
emhrzy,3D8tui3,dinjp140jw,Nicole,Kidman,5094710212,XRSGX,36715,Trruvm
sscxne,2lbXjym,62r68lriet,Johnny,Depp,1978817245,NJWTA,58303,Lqvwsj
bykqoo,kuLm7mk,l0xsskvu5z,Al,Pacino,3039666841,FLNGI,18216,Amddsf
qydtbh,Brcn5al,y35s83z3i4,Julia,Roberts,6679586567,EEGSN,72482,Sjhqid
qomtls,Eji6psb,2aapsu3oa5,Samuel,L.,1889224538,SMWFC,24882,Zjmtkh
bimbst,cmZ3phg,pj2cwb9vvk,Leonardo,DiCaprio,2112103437,RPQFG,91361,Vbllnx
hjevyh,9s1kWve,t6sjv69emd,Chris,Hemsworth,5102641294,SFYKM,18873,Entzqr
nqryzb,7eVq3ko,wa2u5kgpi1,Chris,Hemsworth,5241494998,VVOWD,27477,Msakcn
ytzkrn,mI70kzn,28kh1t10ue,Will,Smith,3819327584,HSJGC,45554,Aqsgpx
emhtxj,3t1Stga,s8t2ve0aeu,Tom,Hanks,9582504059,SSBSC,76569,Kfqdjg
kgpasv,d0yTp9x,52e1h37icy,Ryan,Reynolds,9582652247,YRNBP,40082,Ypilpo
qcuezo,80nkMwb,4306t7o9jg,Julia,Roberts,1796575859,TDSLJ,87351,Ekzsfe
uitpfm,kzn4Up9,sgxg2kbv2n,Robert,Downey,4413177229,MYVTO,58317,Cvrdxz
sswqqe,p7Ryagp,zp4hjhcnmh,Tom,Hanks,9902356806,PLVNH,21338,Mxnguu
hutzxm,zC4f0ta,x7yhq4gcpx,Ryan,Reynolds,4173435600,RPLOW,82193,Dbzfhc
zpcorm,fU8hp8z,g2dg1ymezc,Julia,Roberts,9777464504,JFJWD,13733,Ltexxa
xlddqt,o0cTt6l,pdoju7998p,Johnny,Depp,9702720966,EPFEU,28015,Otuppy
zcjbme,xat9daG,f1wrvydf2u,Leonardo,DiCaprio,4738713422,HCPVD,90087,Ufgcbe
zggrud,9Nqi7rl,hrotkq3ab9,Julia,Roberts,8825403332,ASNXV,97143,Mtjnwm
wqumwm,4it8ouP,dyxzrsmsud,Johnny,Depp,3162598214,XFUDQ,46169,Fvjcqa
xlejah,t4yp8lZ,uo2m2mu4km,Samuel,L.,9209569798,MAHIT,08924,Zvztvh
emeqpr,gAjbkk6,709vmmmubt,Will,Smith,2556735085,AQQMN,32542,Eqauod
mfvcrj,bm6bdnC,ixcnp9jh73,Angelina,Jolie,7030986629,XWVVE,54540,Oxzihm
ewrmuj,Ywmzg7h,hkhd8cahxa,Charlize,Theron,4051715863,LGAUG,47180,Qunzof
heuuuz,heTk0rx,h5ukchc2r3,Tom,Cruise,3987205698,LJXVC,79181,Bgdivf
xkjshx,9Zv24wk,eq3s5s65j2,Dwayne,Johnson,6718659030,EBGXV,25894,Lthmzu
ciwaob,2Hrlngp,l16z6iq3q8,Samuel,L.,2770108828,CXTQM,66031,Bokezl
vkyznz,Jowf1s9,qf03ew133l,Meryl,Streep,9723324436,ZVCBS,31577,Hvqkhl
eqlooz,7dAvk0x,oxm37jg28p,Al,Pacino,2601101987,WLUEK,39246,Ihngzh
tsvich,ct2Ogux,9rrl5bezdh,Tom,Cruise,5641822686,QMBST,37951,Hogqfl
yqbyqh,osbj7Un,1gkw7mawm5,Emma,Watson,5462534027,VRNRI,04415,Qjmbcp
ootrud,Cls1n65,uglwa21qxm,Chris,Hemsworth,3835260411,FYBOH,91952,Lksqbq
mdkbjd,b0pnX5m,vu7y42tp37,Angelina,Jolie,4477519088,ATLGZ,23746,Zdidfm
vvckmr,ecpA6dg,2k2hscrbuu,Ryan,Reynolds,8967567096,ELNOM,52325,Bvyapp
tbabvb,qe5pmMa,oifdjcogw2,Nicole,Kidman,4413840008,CXITR,78208,Mzyrwb
hiwjxa,84p8foQ,sda7pn4nvf,Meryl,Streep,9472812319,DLDTG,92274,Onjxsn
znidcw,kpj12E3,0mdiba829l,Tom,Cruise,3820964551,ZVNTK,40913,Vlctgu
sxhwjo,gaiqdM5,ko2faa750m,Meryl,Streep,4533741915,EDYNL,81366,Ozhbpm
fylzjo,7lpyKes,jaeg96g3qw,Nicole,Kidman,2289829652,FEFSC,31769,Wiusik
uhtakv,uwtg83B,b93yuwrtpf,Emma,Watson,9719268535,EARKE,13410,Kltamk
blanrt,Rd3dfvb,cm4o85aczy,Scarlett,Johansson,6941288773,SLDUB,22753,Sispuh
czbfqu,Koy1z65,vyje9ixkor,Robert,Downey,9698816469,HBFOF,08692,Oqijes
rgbndd,mk2xC8n,11jixcw2yy,Charlize,Theron,9328259667,IAZWE,71380,Gzggzt
pkzdiq,dwsRoo6,288jjgo2p8,Emma,Watson,8780972152,CKIEQ,16492,Ibeoit
pimljx,sxw8eCb,fw2xp6saz6,Meryl,Streep,0837247202,PBREP,59144,Zlngsb
eoltdn,9B6e6oo,pntz7jnz8v,Al,Pacino,0635334100,IGXBI,26043,Icihwv
caqwsl,6Fshz7n,dm6555smk2,Dwayne,Johnson,8009043477,KDPZZ,52985,Rafewq
zhixcd,8Van1ju,1lbgta4slv,Johnny,Depp,5424697569,QKWIX,24164,Tjnjym
uhiuls,hv5uuTf,0anha0r1tu,Tom,Cruise,3991500374,OVPYZ,16468,Tthxyk
jcnddh,6Xcz40l,h6iqzq7tuu,Meryl,Streep,4063911508,BQYZM,73324,Nizwvq
wmfzos,59Jjzur,d8rw4y3kdx,Ryan,Reynolds,0923965405,CQIDB,33874,Bbvarb
dhriwh,qhopeJ1,smeaps1gw9,Dwayne,Johnson,5282433196,PWUZP,36989,Irfosn
pzcogt,9nycpIn,f1yvgrxuzs,Leonardo,DiCaprio,4359267034,ILPEX,41550,Wsstru
wsijvw,p7Xzogb,2u03i3qmm2,Al,Pacino,6453680733,ORIOW,05896,Zaaoru
hlfhlf,cp0gN62,5sr63g8h39,Ryan,Reynolds,5012309885,UYVFQ,30274,Rcrgeg
pyihkd,8v9js2W,oynw42v3li,Chris,Hemsworth,2106334628,SRTPH,48650,Lhohdc
jgwnem,gg2avgO,pqw2o6ux7n,Johnny,Depp,3771174320,MZMSY,64348,Choziw
lacsxw,9hjnw8J,lf8mttp33w,Nicole,Kidman,3457838208,JLTAL,95796,Fvljrs
fgospk,fTdbn2k,dagpojv4c6,Angelina,Jolie,1535099698,ORYIP,80164,Tshpbf
dtpytu,ksr9G0d,clmwi7t0ou,Tom,Cruise,2037670407,HTPAM,11367,Qsywzt
lmshfb,6wmPl9h,dpv2hpalwp,Will,Smith,3006172122,PQYLF,70255,Izxcce
lahrrf,r1Bdbi9,672cpast8l,Will,Smith,2971780865,XVDAL,13215,Drslds
pxtfpi,61G2lsn,0ian5tcb2w,Leonardo,DiCaprio,6198758352,YWSQB,78559,Svbtct
dlnvxn,fx24etQ,l804ml3eoc,Robert,Downey,2456639546,MCAQY,30711,Ussrln
vqqdmj,8izoUgw,47xfdbhcsh,Dwayne,Johnson,3180559260,MNPGH,71115,Pcbzkw
plzqoj,5ppeoA8,av86cn4634,Dwayne,Johnson,6618376784,LKWTM,52282,Hcxwgn
vdwwgr,j2Rirdy,i9zffoi680,Leonardo,DiCaprio,1146857736,QCSFE,00784,Efjmcu
kxmerp,vJ0gg7m,cgm0y9rr4s,Johnny,Depp,1901133752,NUJBQ,67707,Srbobu
hqteed,ncy9Osg,ifrkccj2ot,Johnny,Depp,1895656290,DDCEN,10506,Vutufg
utfpcr,p1nXzge,cnzu7xehcq,Emma,Watson,6112847508,MNTHM,36786,Yuomcq
ivbxkl,8bkOs1x,dld7txkz1c,Will,Smith,0565617707,ZPFDW,97970,Ejnotb
dlngqy,V9kd6dl,szwsfeb080,Angelina,Jolie,6804495609,XXDMG,13878,Bibuuz
agllld,T5gvmvl,ajq73xa2se,Samuel,L.,6405369906,YCGIH,69623,Cbrxcy
mlfcqn,k1pztsY,9ve3c6qtmy,Charlize,Theron,3785892610,DSVZW,27620,Wdnypb
aabnnd,Qic5pap,e9virjbcuk,Meryl,Streep,9391383220,ODCSW,06202,Zefjtd
owkxrh,q8fpShn,yxysm7b6m9,Tom,Hanks,1293959619,DFDSN,57588,Cycmjs
blxnmo,Pxuxid6,6246c0hecj,Scarlett,Johansson,1618569119,GFQJW,89962,Zllvcs
wdwcfm,gpwk1mN,2948727xsh,Scarlett,Johansson,8464535421,JFHIF,86623,Ujglsr
yifvzo,7uleP6j,axg7bp0bsu,Julia,Roberts,7848062661,ALZKY,02398,Fapppp
rzsjsx,o7ebZv4,ygyiop6zi1,Charlize,Theron,2555599265,BREKI,35228,Tjzzic
tueogb,fb4Scac,z71jabyay6,Leonardo,DiCaprio,4170432333,FCDHM,18487,Izmhzw
lvkwtl,blyIbg0,a2537p4059,Will,Smith,6162819101,ROIAO,78937,Buogek
rnzuyv,toR7y8t,x4evqb4qzt,Samuel,L.,7664592780,XVHMB,36403,Etzkmz
ydchkc,Gaw2yyk,kmehmixxdx,Julia,Roberts,8754855421,PQZAT,19474,Lrwhcl
dhmuqo,ioqP0d9,sdxsn3omgt,Samuel,L.,5016512300,XQLVA,53135,Wtqhsa
ynakaw,gg4C5au,8eqfu2g1bv,Samuel,L.,5507578727,LHLWT,66315,Mjlyfz
npfpel,Q5vl5e8,pemakfcpb9,Emma,Watson,8609772818,WKJZC,03153,Dgxyep
sagpua,gwqke9E,luk0jmwbsk,Robert,Downey,0804089775,RXSCO,62333,Fxhach
gdnpsx,3mRczam,30iilgmtpb,Al,Pacino,6120673709,NXHZL,79527,Vhyzam
lckfvv,bafyc2U,1t9rn0yllh,Scarlett,Johansson,2576389026,UELNG,39523,Ahhguq
fvskva,9Uklqz5,o3ee1a6tfz,Nicole,Kidman,0778258256,TYBWO,01168,Mfelrb
pjngrx,vbsL6w4,p7opxaubl5,Johnny,Depp,7070597253,INPJA,92587,Wjaiho
qcsasl,gh7fuyK,1m6f7icpte,Chris,Hemsworth,8269213657,LRTIE,94044,Hffjuw
ugstvv,fwkAg4v,vpgjein9ey,Tom,Cruise,1275647467,SXBJM,84885,Hhjapo
hrtawr,3Dpu0jn,ryqr1y6ea5,Al,Pacino,0946194432,PARKX,27996,Bhantl
tduydb,7L6sygx,4ddugnl8pr,Robert,Downey,0939916447,BZOGV,47587,Ehwbyn
gqybcm,diwK57k,rach6b2ay8,Nicole,Kidman,6520885013,MTCNT,46791,Okclcx
fbprtd,84dzo5L,hi3itptfem,Angelina,Jolie,9117789839,YXLXR,40247,Sqxitg
rsrjxg,glXk4fx,n5lfcfu96z,Robert,Downey,9136811980,BDSEM,89744,Plgapj
zumcce,b41npQt,trmg5pkrdz,Tom,Cruise,1054105956,XDGFO,75393,Fhccip
gckosh,9jeyDtu,qqe31ber87,Dwayne,Johnson,7630234619,MIYRH,14936,Lsaxge
pexxow,njZjq6q,l3886o1u8p,Johnny,Depp,3652401049,PHQXR,75981,Hgfrgg
yucjax,Pg8uohx,5k09aw4oo5,Julia,Roberts,7399738208,JTGDY,62797,Ziibgn
lsbstc,uFfmfw8,7xlnndk9ze,Johnny,Depp,9010355654,YGGFQ,30610,Opvanr
bneuyu,Goey9gn,gfmi3z5h88,Will,Smith,6723941058,OYOED,23393,Yrnwwo
dqoklg,i7hfZqd,15v35w4dxa,Meryl,Streep,8691082802,JCDCI,82651,Pldzzy
stgacl,j9uxgpX,uli3lu2lj6,Ryan,Reynolds,5223601223,PMLTH,24381,Udsdkk
ngpjzy,1Wmndo1,tsft8f5wxa,Scarlett,Johansson,7986099361,YYDTS,20337,Fzavgc
qcjgax,Idsx4yy,kzg2lopjfe,Dwayne,Johnson,5157154351,QHIBX,38394,Rjfasu
xredrb,6kz5Nde,1wzgmpxxnn,Scarlett,Johansson,6390096985,XJZDC,55243,Yglxjh
iqyrem,7iBnyhg,rrtd27y070,Dwayne,Johnson,5972943623,OBQGB,88112,Nnzbrc
oxalmc,U1o6a5e,3qtwsl49il,Chris,Hemsworth,2991550865,PKPON,79478,Vkrkip
uqfjjf,t4s8kcJ,hre24pq94f,Johnny,Depp,7488817861,SBUBX,87203,Xkgerf
vppgov,ig3lfvJ,cjssc10kvh,Angelina,Jolie,3313033638,IVSHY,30120,Juohtr
tcnuzw,98qkrhG,mnfedx16ao,Charlize,Theron,3725916198,EKPGO,20335,Msblkz
pohcrn,g2jymOu,ynn0do9oqu,Meryl,Streep,5723885541,UWSLR,54154,Yepmjw
ddaqam,vpxyjY4,5vywhcgkwl,Robert,Downey,5050072533,SIUUI,34506,Eqzkgp
mxwksa,Irmujs0,xh60vwzxyl,Scarlett,Johansson,5538425240,SWJKX,64043,Ivwicu
dzoaab,T1oaglj,mf1xysvac6,Chris,Hemsworth,6613518204,ZQMQK,22988,Quabhs
vxecrd,bF33wnk,d9lrpor16p,Meryl,Streep,1922086261,UHLMB,49802,Lzbxym
liedmg,qfS6wlt,cgjqwaayvb,Samuel,L.,9533479472,NORGF,70668,Hxcwku
ashpgw,r2fCcfe,4oomoxuek5,Julia,Roberts,1213207562,RSKIH,91195,Bmovbp
wruitu,aNu492z,xhdwy7m13v,Emma,Watson,5447165900,LOPWJ,63296,Eeyrwp
lxzkry,1iwgxgE,5gc2r0aenm,Scarlett,Johansson,9213143306,MMESC,93862,Wdqwgl
bffsjh,W3aatpj,9kpjavrbbi,Robert,Downey,0611385334,GZIDO,37400,Rzwdyv
vdagfc,sxdw2W0,s5xq3rw50d,Johnny,Depp,9706359594,LZQZX,82120,Xqheyv
ihpzjx,jJx70sx,4c7lrtsntt,Dwayne,Johnson,6723008980,PMOHA,15300,Hwcjtu
lodrgm,n3x5jaT,zz2d83qmca,Angelina,Jolie,7272043876,FZMZV,53905,Ulugag
ecgzlt,Tz5ma2r,ago051c2c5,Ryan,Reynolds,0425657837,EIGVF,79581,Uxpsjg
lleijw,k20pHbc,wo6rvkq2o9,Al,Pacino,0533977948,LMIYS,48092,Iyvyzh
scpzkz,njPn12k,54iaf744r6,Will,Smith,8960876871,JAHRS,50436,Jfwfyu
hoiazx,ugiE6yf,j6lybgk52b,Will,Smith,8417119586,LTZAC,03753,Xdijwz
lbtbkn,In9lx2o,9zd87esojs,Tom,Cruise,4195790290,QWZOP,15904,Biktuk
jwjnow,hz4Dnlb,xjl8s75xrn,Nicole,Kidman,2934176312,WUWHB,97701,Fpjgxs
ilsoyy,k1uDrhs,cjatykl9yq,Brad,Pitt,4284491732,EXFYC,67472,Xmdfcu
yhnmxz,Dpz8m9n,sochs0tzwd,Robert,Downey,0991587578,WIRTC,10516,Zdcems
mlnglz,bGz04ib,lp18wbu9tw,Nicole,Kidman,5329694524,OMMBP,85303,Cfgxqw
czvcwb,cP6xtta,0pkbsfucl7,Tom,Hanks,5829917929,JHLQN,51822,Gckngh
iikvzr,m6Jng1w,cp2ypgjn3m,Tom,Hanks,2093666575,OBQCI,21966,Awkmes
jpbldg,ik3j8iH,m02v63frg6,Meryl,Streep,5122322290,FYNIW,05531,Rkmqwh
etuvhd,Byuv07v,b4ads55rbz,Samuel,L.,8540809992,FMAZC,47363,Usbnrm
eqaeny,2Hslz3v,nrsajlmrrr,Meryl,Streep,9032186495,GLEMN,27632,Arlgsr
dnsvux,v0Ueksy,la3cgtiqa1,Scarlett,Johansson,8802556347,UXIYB,76354,Fnhmtn
rdzijz,kip4rTj,21t96skm8d,Dwayne,Johnson,6408155611,ENBNA,95016,Zacjpi
xbczek,n5dmtO3,07bxqk8dbv,Leonardo,DiCaprio,6387721601,LSSLZ,82842,Jgfoet
mhjixb,fx0F5za,cavqxyw6ug,Brad,Pitt,5668170529,TEVUM,48785,Snmkkz
lvawhy,dpkaqV6,6dpyn542a1,Tom,Cruise,1826912018,YUMLE,01223,Ybyvqh
mklnnr,iBtr71k,5yk519xdya,Tom,Hanks,7557308946,PQVUP,53366,Qutdxx
gletao,06Dvevo,dkwnjw9x4w,Angelina,Jolie,5386969848,RHRUP,81316,Ixyvyi
odwxhp,vhnb8oG,u634be7x1w,Will,Smith,5914366446,AWQEN,89862,Qkeuuy
qahfit,s6Fzsvj,eoqbw33bsk,Al,Pacino,1308357071,UVLVX,74171,Hsogkk
xirfir,jcwIq0w,5lgn7qm7j1,Angelina,Jolie,8659886698,OZNZC,63429,Ivpiil
hpqwfy,3dvW5p4,ymjocxqrur,Leonardo,DiCaprio,4645936064,BABNO,10651,Uofnoo
mgcnlr,26Vfpww,yzsggmcad9,Johnny,Depp,5722107952,QCRLD,80155,Admspu
wpaxew,qhl7N91,02e4ruhrxv,Johnny,Depp,1810637409,NQDOL,20150,Nqstap
cjjcxo,wNn6rni,a6tnhmid6z,Johnny,Depp,0862249114,FXJHX,00533,Lddspc
occeju,8cWyhvi,7nb00goia6,Johnny,Depp,1284444494,VPUTG,55787,Ogmzeq
ukbwpn,7wcmEbl,b2at9nsfay,Johnny,Depp,1528642896,WFFYW,06742,Cwtuso
ueffte,Akss76c,t8rt2sej4h,Al,Pacino,6268913730,TYIEV,28725,Vnatuv
ciqhkp,hqgDnp4,iulxop1r3z,Brad,Pitt,8922848933,KIAQP,73969,Bnmdkt
umzfne,kIu251v,hx4ymg37uk,Dwayne,Johnson,1559742229,AEIXP,76770,Nupeud
gktizg,wCd4c6j,95a2yni9bx,Leonardo,DiCaprio,7738561903,XXJIQ,08849,Rvtiji
jrxnro,k1qnFgj,pmtln416tz,Charlize,Theron,1701538352,FLPUN,08989,Mlbuze
betaoy,8hc7Qu3,w8d8nvehvn,Angelina,Jolie,1831298214,EOMXY,19145,Henexv
wqxqcs,1Mio6kq,rnjrfpefga,Will,Smith,8600453586,EGVLB,32625,Qwuzyz
lcyrqn,k0nuwVj,a176r4me93,Charlize,Theron,9107998504,HBCME,38037,Fsybsv
afaawd,j6u7Xoh,hvv4m7h6as,Johnny,Depp,4712062764,WRIEH,66878,Iadyux
xfcqsm,H7gv8ac,ukmexweb8m,Ryan,Reynolds,6798297099,LRRCE,64229,Zwkvlg
nthrkl,0jlQwcw,mhmx4jhl0m,Tom,Cruise,7117591096,TZJOJ,61694,Porfqn
eqgsti,ornIa6p,8k24h5f8xb,Leonardo,DiCaprio,6994598423,XBEFT,33007,Ivrmya
nhwrli,cfWiqm2,lsyrs421cl,Robert,Downey,9352977396,LMFFW,11751,Tfyrgh
sifynt,lou3mK1,rn3jy1db83,Ryan,Reynolds,9776457114,ZZKXP,05974,Qwjtgy
beyjzk,Sdjfq6t,on1gvpbg3b,Brad,Pitt,5014947423,CSQYY,41579,Gnaqxs
rjasse,cy08Bj8,yuwmm1oyjp,Chris,Hemsworth,7111792197,XROPW,89025,Hopaqn
xzepev,bq6jpoJ,8w8cvkldqm,Angelina,Jolie,3722219459,ORHKU,85839,Owacrh
iuikie,xrm87kH,bkeh5bvc81,Meryl,Streep,7902095343,NLFYD,95296,Hgcvoe
swffkk,sv6iPtp,m87vh1c1f3,Johnny,Depp,7529132157,HHILF,62144,Wzoqyy
innpko,4jzsZy7,evi60lid4p,Leonardo,DiCaprio,0609508321,KOERQ,41429,Uzohyj
ddrlqi,cU4qxas,1dz8o3pkzr,Al,Pacino,8397454682,QWNFM,05501,Hjqurz
qbfncm,Gpr8oog,8vz1fc3as8,Johnny,Depp,6795294695,LGHOK,16922,Kanpzd
attmjo,cpgBq9r,a2hyqqph62,Johnny,Depp,6987500561,GRCNZ,89710,Pvbzel
gamrfs,yz1sD7p,qb20yz4dwt,Charlize,Theron,5267542525,VITIY,57083,Omjvus
fzmsdw,5Jwarzg,9lhkfqmdmc,Chris,Hemsworth,8738650923,FWSFZ,40059,Qxxqmx
iuwhck,9Mzomks,x1qavqx0hd,Julia,Roberts,2854017289,NRRKL,22670,Wimuxn
ozseaf,T72iqgk,db2vrwtejw,Brad,Pitt,9436288627,JSZSD,20373,Jfbipr
dsctfy,4zhNxh4,1s6vztjd4b,Ryan,Reynolds,9510889362,JCACQ,18432,Peangr
zvbqqo,N8tvwwb,bwxv1yc3qw,Emma,Watson,7537382855,QJVMZ,36301,Qfvcva
ckkyth,1gy9p9S,tvvlhoaz68,Ryan,Reynolds,2892187930,IDYJU,93080,Husgaj
ebsdxo,Xvcez5w,vxth1aoymw,Leonardo,DiCaprio,1983991228,WWAKK,56569,Ltzyiw
qwtchq,Z5aweo9,m7ldwcgb8y,Emma,Watson,2454003480,FIWGD,00017,Jpjhjj
ilrnth,4sZ0mcm,dg707h3ynu,Brad,Pitt,1620781399,ELKDK,73730,Vghlse
mgankx,f5gH5nd,7h8ydu33a8,Tom,Cruise,2481212863,KIBTS,55105,Bjnkno
gdddbp,g8q03oA,fm2cfoce9w,Al,Pacino,1117197669,BWCQI,93531,Rtebou
jublvt,Rijhu3i,tj9nxlk7yh,Al,Pacino,1127008528,XOVCE,16894,Vwkbfm
xpqrmj,Bnkli4i,xaf0hc1oc7,Julia,Roberts,9691889194,KSTYP,66850,Ymqaxh
xedwbz,jwMs14p,vr12jgon12,Will,Smith,9013026551,SHIBK,20603,Gwatms
tsiugv,Pgvo7ht,12sgo2ozg0,Emma,Watson,3156102423,DMEDW,53252,Gievja
vtafqb,tyW6smf,dgyxa3xq9a,Dwayne,Johnson,8927825366,QWEMV,37277,Cquufi
soeghz,x4udWno,rlofm46i59,Tom,Hanks,7137958565,JVJQA,92640,Tkbuoe
xbfduy,eKyf5a3,2i6sru59zo,Johnny,Depp,8255354095,JBBQQ,81413,Edqrdg
qwlksa,0dtkz7M,agrgk78qfp,Chris,Hemsworth,7742982574,GZPSA,51274,Vojhvi
qsugtj,qv6fNhc,nvpxxzj7yr,Johnny,Depp,3402974793,AGJNP,36291,Ijruao
idvfia,dm3lxP9,uxc55crz26,Al,Pacino,2505690983,RESCA,24585,Lxxkop
dirrrb,60devjP,q2qoqez9og,Emma,Watson,3149235065,DSFEI,48871,Mttxbf
snuqvw,xj39Nsv,w8ix13g705,Al,Pacino,7980195411,JYXOZ,50589,Cdenhx
ctuhmh,mdx0oyU,tap8392a0v,Julia,Roberts,2448893307,QBBDQ,03600,Goepbb
ggoydl,q4xeRz7,y6nziqhmha,Johnny,Depp,3555448621,AVLDE,81313,Mkuodm
ppgwoe,1kvxH5h,jrdf0fgk6u,Julia,Roberts,9839619591,NXPTF,05721,Kheyze
hxjthk,Kh1qbos,gvosvzgn7x,Brad,Pitt,9396492047,QZATB,11332,Tfvfqp
dgqobw,n8vv7vA,vh52tldsrd,Will,Smith,4246792850,LTZAH,21705,Qrtrty
zyiqbv,umdi50R,zx6vqklme0,Charlize,Theron,4273865199,LBVAH,85476,Xnyjpq
edoepo,suoHh5a,ytgm2ietyl,Julia,Roberts,5614697377,CZYQV,06090,Mjlfxt
aubate,903eExs,q89w4raq3y,Meryl,Streep,9426375519,AKZTE,59509,Jqxgrg
wyvouh,qrlw2Jv,2uiqlkrdjk,Johnny,Depp,2756402232,YNGLO,04930,Phdhyr
soafjw,26yzmYq,z8qjf03j4u,Tom,Hanks,7804154653,MKWZZ,60473,Wpnzxx
nutihw,wq4xqiB,zmvfztggk6,Tom,Cruise,2178144555,BNTKY,46203,Becjcb
ftipfe,53dmr0L,sa9gg9vnab,Brad,Pitt,0573979751,MEHTI,12152,Xtzlfu
rbygvr,0cts8lG,ye3os5r7np,Robert,Downey,4904770833,TZVAA,82755,Yluyhn
ekrxfs,sxiD55n,czpyuowh66,Brad,Pitt,0996009330,BGWLJ,57513,Sivohh
jqonqa,5tghtAt,hrvqvjncog,Al,Pacino,8401713127,PRAHA,00827,Qmtdzw
amfjop,rakf1L2,cg1levw66n,Dwayne,Johnson,8353079088,QNQHR,38790,Ofnyvl
bekqzr,jhaukI3,azcj3krvr8,Will,Smith,7854776620,JPPLB,66050,Jffeib
dqnomd,cbdmKo1,8zer2szric,Dwayne,Johnson,5185384136,TYQPR,74263,Xqoami
xdnadt,2t7n0Qt,kfwuzchjv4,Julia,Roberts,7304031323,HUWFN,67238,Zuqcjw
ywypbb,kbj8aZj,p2mnhdiht1,Brad,Pitt,7482533164,LKHWR,07486,Kwhtwr
vaqlae,y9aoqJ4,lgvqie5ee5,Dwayne,Johnson,1923940004,WYBUX,45206,Zuofzx
ploudc,3xgHrpj,9w3blsl6g8,Charlize,Theron,7881693768,DRMCF,45556,Ewdnlg
yofjks,vJ4ltin,nk8d35pzsu,Johnny,Depp,4996163310,URYZB,62476,Jgtrei
wjhprf,vz3xT3c,3azie7qv1m,Ryan,Reynolds,6836448796,FYXIQ,42713,Kcopqo
fxlhds,fX24xon,crk2jk7cie,Al,Pacino,0517665216,NFWGQ,10659,Czdtfy
lbxfhn,44dYotd,s1prosz0mb,Charlize,Theron,5125213215,QGKPG,29147,Smxvqo
peilnk,ziu1gjR,xnb57s4ql5,Will,Smith,8149683255,PYEAG,78751,Evctmg
jvfufc,l7xEksr,wirvnop1mf,Dwayne,Johnson,0765588017,UOUGZ,88363,Dlvwvr
lnnknw,wovi7Fv,wlvpv7b9j0,Dwayne,Johnson,9906038591,ISHTB,97748,Yuphfh
zdtkxq,orn2mXo,34w6qc42tw,Robert,Downey,5848175950,RWBJE,96264,Vvjcqd
wxulqy,j3zQxr0,90kuco0v42,Charlize,Theron,8885589760,TVRJR,04237,Wiqhyx
jnketu,ympGx9z,gkopln79k1,Robert,Downey,2815059198,PBCBB,80486,Ypafpn
jbtgtl,G48xrt5,x7ggrkm4pj,Leonardo,DiCaprio,2598669752,ADYVS,86917,Apkurh
rcnnqx,gz8vdWg,elimftvlp6,Tom,Cruise,2541804127,WUSRV,11169,Mkapfk
jvmefp,bmN42bj,l914yrqwr6,Angelina,Jolie,9095728353,LPONW,99272,Jcxnek
spwrwj,oq2Vasz,i53mw2fpdi,Johnny,Depp,2397626777,UAUPL,30835,Lpyyku
fbyqlv,w9r8Upi,zke31le060,Al,Pacino,9880336464,XNSUK,73011,Khurvx
cmvknf,hngC0f4,6polizxec2,Leonardo,DiCaprio,1374322578,QFTRK,53794,Xmbdkz
dtxlrp,qdl77eP,12r2sy0drn,Angelina,Jolie,6766126638,TNOCY,14565,Vlieoa
iczuca,brEw6cl,7f647o8svd,Johnny,Depp,6873165245,DSDKZ,61927,Mvaavh
qqxvhu,wt9o0We,smc6jnp7mx,Tom,Hanks,0773506357,KNWRH,42237,Zxdtdd
vsrppo,2trlzgJ,e4shukbx75,Brad,Pitt,7733073824,IJBNS,18415,Evgpiq
roanrg,V4u3wue,vlwyr81d1i,Tom,Cruise,7103134266,PCNMK,96586,Pgqnvz
pjllze,uW8st1b,8l7q5gh01n,Julia,Roberts,8364749306,LCFHW,14509,Dxtwnc
lddvvr,B78etbp,j15zagit6a,Ryan,Reynolds,9758717552,MJLCA,87769,Qhhzoe
uhklcw,rsXpjh3,7f8f21dvp5,Chris,Hemsworth,0295256380,VVNPR,58102,Rkxlyn
hscpbs,k5pxlvF,kfrgwhwsi6,Emma,Watson,5792955712,JNOWZ,81946,Fabhoa
clvyul,fsoOpn8,9uqvxhw3j8,Chris,Hemsworth,1361636314,YOGRZ,86696,Tlvjai
sksxsz,9Ox1xns,kkckvp7ggf,Meryl,Streep,3727466554,USSZD,42160,Fouaoa
xsfkhr,v33Eugv,zr88wzr6tn,Leonardo,DiCaprio,1167088601,NVBYW,00697,Ivucyp
dqwron,Mnyp5ro,zajmhecv68,Ryan,Reynolds,9103103962,LXMQE,11944,Uyfrdr
mqxxup,78fxxwT,0mz8na1jgx,Tom,Cruise,4231738389,CGWFP,47209,Kiojld
xuggmw,Yccb3rh,svobowz49t,Meryl,Streep,8215588490,BILAQ,94166,Ygqzmj
ldhson,2znu8cN,aa8mqdch3d,Charlize,Theron,4254451312,ZVCAM,50805,Ucsnyx
rdprqe,mk5qbzG,03tmhub8wo,Johnny,Depp,0989233474,PTPIA,78733,Iwcckl
meoixy,2hddiIw,359nn6fhmb,Meryl,Streep,5316323793,VSXTF,54780,Neajks
pyncus,xc1zk1H,1on60y2lgv,Al,Pacino,6259437896,KWHHA,18883,Zjrmdf
kjqrlm,xnm2vMs,vdr26f15h7,Johnny,Depp,8720556736,LCDFP,29681,Acbooh
azmnhh,vxy6vzR,wc9kibuxdl,Johnny,Depp,5724536997,GMSWP,33267,Georkh
ahzqee,8knckNr,38qst0mefv,Robert,Downey,8051507860,CFLJN,03299,Ykmvrd
yifbtv,bmoI9g4,im77xjmd84,Julia,Roberts,0534765987,PPQBK,30596,Nnvzan
qhxbas,Rrd4mmk,hun9olfjji,Al,Pacino,1361040282,UOJCD,84813,Rrdhkm
ofpsku,M07qzr5,j1x9vq1h2y,Emma,Watson,8228704540,OQDMT,89094,Lppebn
qpudiv,7finm9M,wae1rmwv00,Samuel,L.,9033822154,YSDAK,50764,Juqlcj
sbgkdo,J3aex80,4qx747cmhd,Ryan,Reynolds,2822138923,MHEDK,26225,Bzbrtz
rmlzmr,anyjEx7,dzkbyf68ln,Johnny,Depp,3599981479,BQUYF,97780,Fksaoo
cexhos,sHco5v5,0bosgw83xi,Chris,Hemsworth,5063159613,SMHUZ,41355,Mshseh
hhcnno,vV1uusr,vrj9y61j9u,Ryan,Reynolds,4514201555,RTCOW,13728,Wmhtko
rtzjhb,5fzN6l8,6ja376kq47,Meryl,Streep,8285458578,NBDRC,99846,Mgimbe
cvwzjg,i6Sy1zj,iv6z48czuh,Will,Smith,4643163267,KCZRI,67748,Eihbvc
jomdgh,obgid5A,3kpwbsacoo,Will,Smith,9674308032,JJSOI,94196,Ezxsui
wjpmns,8wmiYew,kp5gf6pifq,Robert,Downey,4533698405,ZSYFO,22738,Jvtjfl
ovetau,bjqO379,65pw912cds,Robert,Downey,4707770775,NRCEO,66535,Ilrfgc
pvrswu,d3Ydsp2,c7dosnwzyc,Brad,Pitt,7800443186,ISVMR,35898,Xhxrex
qymqfz,zmq6cjN,uf5cuih2qr,Brad,Pitt,5275630866,JSGIV,34248,Fcuelw
